{
    "who": {
        "img": "group-shot.jpg",
        "alt": "group-shot",
        "info": "With the belief that sports should be a place where everyone feels valued, respected, and encouraged to reach their full potential, we have come together to launch a movement against bullying in basketball."
    },
    "mission": {
        "img": "mission.jpg",
        "alt": "mission",
        "info": "Our mission to empower the basketball community to rise above bullying through respect, kindness, and inclusiveness. Creating a safe and supportive environment for all to reach their full potential."
    },
    "vision": {
        "img": "vission.jpg",
        "alt": "vission",
        "info": "Our vision is to transform basketball into a safe, inclusive, and empowering place for all. Inspiring everyone to reach their full potential and find joy in the game."
    }
}
